hpd_names,cleaned_names_Marcetieae,cleaned_names_Melastomateae,accepted_name,clade,sampling_fraction,,accd,ITS,psbK-psbK,atpH-atpF,ETS,trnS-trnG,,Reference,,campo_rupestre,non_campo_rupestreAcanthella_sprucei,Acanthella_sprucei,x,Acanthella sprucei Benth. & Hook. f.,(not in BAMM),(not in BAMM),,JQ730247.1,JQ730036.1,JQ730456.1,,,,,"Michelangeli et al. (2012), Rocha et al. (2016)",,0,1Aciotis_acuminifolia,Aciotis_acuminifolia,x,Aciotis acuminifolia (Mart. ex DC.) Triana,(not in BAMM),(not in BAMM),,JQ730248.1,JQ730037.1,JQ730457.1,,,KU500922.1,,"Michelangeli et al. (2012), Rocha et al. (2016)",,0,1Aciotis_annua,Aciotis_annua,x,Aciotis annua (Mart. ex DC.) Triana,Aciotis,0.61,,KU501161.1,KU501052.1,,KU501106.1,KU500989.1,KU500923.1,,"Michelangeli et al. (2012), Rocha et al. (2016)",,0,1Aciotis_circaeifolia,Aciotis_circaeifolia,x,Aciotis circaeifolia (Bonpl.) Triana,Aciotis,0.61,,JQ730249.1,JQ730038.1,JQ730458.1,KU501108.1,KF462812.1,KU500926.1,,"Michelangeli et al. (2012), Rocha et al. (2016)",,0,1Aciotis_indecora,Aciotis_indecora,x,Aciotis indecora (Bonpl.) Triana,Aciotis,0.61,,KU501163.1,JQ730039.1,,KU501109.1,KF462813.1,KU500927.1,,"Michelangeli et al. (2012), Rocha et al. (2016)",,0,1Aciotis_indecora_Martin411,x,x,Aciotis indecora (Bonpl.) Triana,(not in BAMM),(not in BAMM),,JQ730250.1,JQ730039.1,JQ730459.1,,KU500991.1,,,"Michelangeli et al. (2012), Rocha et al. (2016)",,(double entry),(double entry)Aciotis_paludosa,Aciotis_paludosa,x,Aciotis paludosa (Mart. ex DC.) Triana,Aciotis,0.61,,JQ730251.1,JQ730040.1,JQ730460.1,,KF462814.1,KU500925.1,,"Michelangeli et al. (2012), Rocha et al. (2016)",,0,1Aciotis_polystachya,Aciotis_polystachya,x,Aciotis polystachya (Bonpl.) Triana,Aciotis,0.61,,KU501162.1,,,KU501107.1,KU500990.1,KU500924.1,,"Michelangeli et al. (2012), Rocha et al. (2016)",,1,0Aciotis_purpurascens,Aciotis_purpurascens,x,Aciotis purpurascens (Aubl.) Triana,Aciotis,0.61,,KU501164.1,,,KU501110.1,KF462815.1,KU500928.1,,"Michelangeli et al. (2012), Rocha et al. (2016)",,0,1Aciotis_purpurascens_Martin422,x,x,Aciotis purpurascens (Aubl.) Triana,(not in BAMM),(not in BAMM),,JQ730252.1,JQ730041.1,JQ730461.1,,KU500992.1,,,"Michelangeli et al. (2012), Rocha et al. (2016)",,(double entry),(double entry)Aciotis_rubricaulis,Aciotis_rubricaulis,x,Aciotis rubricaulis (Mart. ex DC.) Triana,Aciotis,0.61,,KU501165.1,,,KU501111.1,KF462816.1,KU500929.1,,"Michelangeli et al. (2012), Rocha et al. (2016)",,0,1Aciotis_rubricaulis_Goldenberg850,x,x,Aciotis rubricaulis (Mart. ex DC.) Triana,(not in BAMM),(not in BAMM),,JQ730253.1,JQ730042.1,JQ730462.1,,KU500993.1,,,"Michelangeli et al. (2012), Rocha et al. (2016)",,(double entry),(double entry)Acisanthera_alsinaefolia_,Acisanthera_alsinaefolia,x,Acisanthera alsinaefolia (DC.) Triana,Acisanthera,0.85,,KU501166.1,JQ730043.1,,KU501114.1,KF462817.1,KU500932.1,,"Michelangeli et al. (2012), Rocha et al. (2016)",,1,1Acisanthera_alsinaefolia_Goldenberg826_,x,x,Acisanthera alsinaefolia (DC.) Triana,(not in BAMM),(not in BAMM),,JQ730254.1,JQ730043.1,JQ730463.1,KU501112.1,KU500995.1,KU500930.1,,"Michelangeli et al. (2012), Rocha et al. (2016)",,(double entry),(double entry)Acisanthera_bivalvis,Acisanthera_bivalvis,x,Acisanthera bivalvis (Aubl.) Cogn.,Acisanthera,0.85,,KU501172.1,KU501064.1,,KU501117.1,KU501003.1,KU500936.1,,"Michelangeli et al. (2012), Rocha et al. (2016)",,1,1Acisanthera_crassipes,Acisanthera_crassipes,x,Acisanthera crassipes (Naudin) Wurdack,Acisanthera,0.85,,,KU501065.1,,KU501118.1,KU501004.1,KU500937.1,,"Michelangeli et al. (2012), Rocha et al. (2016)",,0,1Acisanthera_genliseoides,Acisanthera_genliseoides,x,Acisanthera genliseoides (Hoehne) Wurdack,Acisanthera,0.85,,KU501173.1,KU501066.1,,KU501119.1,KU501005.1,KU500938.1,,"Michelangeli et al. (2012), Rocha et al. (2016)",,1,0Acisanthera_hedyotoidea,Acisanthera_hedyotoidea,x,Acisanthera hedyotoidea Triana,(not in BAMM),(not in BAMM),,JQ730255.1,JQ730044.1,JQ730464.1,,KU501001.1,,,"Michelangeli et al. (2012), Rocha et al. (2016)",,0,1Acisanthera_limnobios,Acisanthera_limnobios,x,Acisanthera limnobios (DC.) Triana,Acisanthera,0.85,,KU501174.1,,,,KU501002.1,,,"Michelangeli et al. (2012), Rocha et al. (2016)",,0,1Acisanthera_paraguayensis,Acisanthera_paraguayensis,x,Acisanthera paraguayensis (Hook. f.) Cogn.,Acisanthera,0.85,,,,,KU501113.1,KU500994.1,KU500931.1,,"Michelangeli et al. (2012), Rocha et al. (2016)",,0,1Acisanthera_quadrata,Acisanthera_quadrata,x,Acisanthera quadrata Pers.,Acisanthera,0.85,,JQ730256.1,JQ730045.1,JQ730465.1,,KU500996.1,,,"Michelangeli et al. (2012), Rocha et al. (2016)",,1,1Acisanthera_sp1_Rocha830,Acisanthera_sp1,x,NA,Acisanthera,0.85,,KU501168.1,KU501060.1,,,KU500997.1,,,"Michelangeli et al. (2012), Rocha et al. (2016)",,0,1Acisanthera_tetraptera,Acisanthera_tetraptera,x,Acisanthera tetraptera (Cogn.) Gleason,Acisanthera,0.85,,,KU501061.1,,KU501120.1,KU501007.1,,,"Michelangeli et al. (2012), Rocha et al. (2016)",,0,1Acisanthera_uniflora,Acisanthera_uniflora,x,Acisanthera uniflora (Vahl) Gleason,Acisanthera,0.85,,KU501175.1,KU501067.1,,,,KU500939.1,,"Michelangeli et al. (2012), Rocha et al. (2016)",,0,1Acisanthera_variabilis,Acisanthera_variabilis,x,Acisanthera variabilis (DC.) Triana,Acisanthera,0.85,,KU501169.1,KU501062.1,,KU501115.1,KU500999.1,KU500933.1,,"Michelangeli et al. (2012), Rocha et al. (2016)",,1,1Acisanthera_variabilis_var_gabriuscula,Acisanthera_variabilis_var_gabriuscula,x,Acisanthera variabilis (DC.) Triana,Acisanthera,0.85,,KU501170.1,,,,KU500998.1,KU500934.1,,"Michelangeli et al. (2012), Rocha et al. (2016)",,1,1Amphorocalyx_multiflorus,x,x,Amphorocalyx multiflorus Baker,(not in BAMM),(not in BAMM),,JQ730257.1,JQ730046.1,JQ730466.1,,,,,"Michelangeli et al. (2012), Rocha et al. (2016)",,(outgroup),(outgroup)Amphorocalyx_rupestris,x,x,Amphorocalyx rupestris H. Perrier,(not in BAMM),(not in BAMM),,JQ730258.1,JQ730047.1,JQ730467.1,,,,,"Michelangeli et al. (2012), Rocha et al. (2016)",,(outgroup),(outgroup)Antherotoma_naudinii,x,x,Antherotoma naudinii Hook. f.,(not in BAMM),(not in BAMM),,JQ730259.1,JQ730048.1,,,,,,"Michelangeli et al. (2012), Rocha et al. (2016)",,(outgroup),(outgroup)Appendicularia_thymifolia,Appendicularia_thymifolia,x,Appendicularia thymifolia (Bonpl.) DC.,Nepsera,0.9,,JQ730260.1,JQ730049.1,JQ730468.1,KU501130.1,KF462820.1,,,"Michelangeli et al. (2012), Rocha et al. (2016)",,0,1Arthrostema_ciliatum,x,x,Arthrostema ciliatum Ruiz & Pav.,(not in BAMM),(not in BAMM),,AY460429.1,,,,,,,"Michelangeli et al. (2012), Rocha et al. (2016)",,(outgroup),(outgroup)Arthrostema_ciliatum_Penneys1436,x,x,Arthrostema ciliatum Ruiz & Pav.,(not in BAMM),(not in BAMM),,DQ985619.1,,,,,,,"Michelangeli et al. (2012), Rocha et al. (2016)",,(outgroup),(outgroup)Brachyotum_benthamianum,x,Brachyotum_benthamianum,Brachyotum benthamianum Triana,(not in BAMM),(not in BAMM),,JQ730262.1,JQ730051.1,JQ730470.1,,,,,"Michelangeli et al. (2012), Rocha et al. (2016)",,0,1Brachyotum_confertum,x,Brachyotum_confertum,Brachyotum confertum (Bonpl.) Triana,(not in BAMM),(not in BAMM),,JQ730263.1,JQ730052.1,JQ730471.1,,,,,"Michelangeli et al. (2012), Rocha et al. (2016)",,0,1Brachyotum_fictum,x,Brachyotum_fictum,Brachyotum fictum Wurdack,(not in BAMM),(not in BAMM),,JQ730264.1,JQ730053.1,JQ730472.1,,,,,"Michelangeli et al. (2012), Rocha et al. (2016)",,0,1Brachyotum_fraternum,x,Brachyotum_fraternum,Brachyotum fraternum Wurdack,(not in BAMM),(not in BAMM),,JQ730265.1,JQ730054.1,JQ730473.1,,,,,"Michelangeli et al. (2012), Rocha et al. (2016)",,0,1Brachyotum_harlingii,x,Brachyotum_harlingii,Brachyotum harlingii Wurdack,(not in BAMM),(not in BAMM),,JQ730266.1,JQ730055.1,JQ730474.1,,,,,"Michelangeli et al. (2012), Rocha et al. (2016)",,0,1Brachyotum_incrassatum,x,Brachyotum_incrassatum,Brachyotum incrassatum E. Cotton,(not in BAMM),(not in BAMM),,JQ730267.1,JQ730056.1,JQ730475.1,,,,,"Michelangeli et al. (2012), Rocha et al. (2016)",,0,1Brachyotum_ledifolium,x,Brachyotum_ledifolium,Brachyotum ledifolium (Desr.) Triana,(not in BAMM),(not in BAMM),,JQ730268.1,JQ730057.1,JQ730476.1,,,,,"Michelangeli et al. (2012), Rocha et al. (2016)",,0,1Brachyotum_lindenii,x,Brachyotum_lindenii,Brachyotum lindenii Cogn.,(not in BAMM),(not in BAMM),,JQ730269.1,JQ730058.1,JQ730477.1,,,,,"Michelangeli et al. (2012), Rocha et al. (2016)",,0,1Brachyotum_microdon,x,Brachyotum_microdon,Brachyotum microdon (Naudin) Triana,(not in BAMM),(not in BAMM),,JQ730270.1,JQ730059.1,JQ730478.1,,KF462828.1,KU500951.1,,"Michelangeli et al. (2012), Rocha et al. (2016)",,0,1Brachyotum_rostratum,x,Brachyotum_rostratum,Brachyotum rostratum (Naudin) Triana,(not in BAMM),(not in BAMM),,JQ730271.1,JQ730060.1,JQ730479.1,,,,,"Michelangeli et al. (2012), Rocha et al. (2016)",,0,1Bucquetia_glutinosa,x,Bucquetia_glutinosa,Bucquetia glutinosa (L. f.) DC.,(not in BAMM),(not in BAMM),,JQ730272.1,JQ730061.1,JQ730480.1,,,,,"Michelangeli et al. (2012), Rocha et al. (2016)",,0,1Cambessedesia_espora,x,x,Cambessedesia espora (A. St.-Hil. ex Bonpl.) DC.,(not in BAMM),(not in BAMM),,JQ730273.1,JQ730062.1,JQ730481.1,,,,,"Michelangeli et al. (2012), Rocha et al. (2016)",,(outgroup),(outgroup)Cambessedesia_hilariana,x,x,Cambessedesia hilariana (Kunth) DC.,(not in BAMM),(not in BAMM),,JQ730274.1,JQ730063.1,JQ730482.1,,KF462835.1,KU500984.1,,"Michelangeli et al. (2012), Rocha et al. (2016)",,(outgroup),(outgroup)Castratella_piloselloides,x,Castratella_piloselloides,Castratella piloselloides Naudin,(not in BAMM),(not in BAMM),,JQ730275.1,JQ730064.1,JQ730483.1,,,,,"Michelangeli et al. (2012), Rocha et al. (2016)",,0,1Centradenia_grandifolia,x,Centradenia_grandifolia,Centradenia grandifolia (Schltdl.) Endl.,(not in BAMM),(not in BAMM),,JQ730276.1,JQ730065.1,,,KF462837.1,KU500987.1,,"Michelangeli et al. (2012), Rocha et al. (2016)",,0,1Centradenia_inaequilateralis,x,Centradenia_inaequilateralis,Centradenia inaequilateralis (Schltdl. & Cham.) G. Don,(not in BAMM),(not in BAMM),,JQ730277.1,JQ730066.1,JQ730484.1,,,,,"Michelangeli et al. (2012), Rocha et al. (2016)",,0,1Chaetolepis_cufodontisii,x,Chaetolepis_cufodontisii,Chaetolepis cufodontisii Standl.,(not in BAMM),(not in BAMM),,JQ730278.1,JQ730067.1,JQ730485.1,,,,,"Michelangeli et al. (2012), Rocha et al. (2016)",,0,1Chaetolepis_microphylla,x,Chaetolepis_microphylla,Chaetolepis microphylla (Bonpl.) Miq.,(not in BAMM),(not in BAMM),,JQ730279.1,JQ730068.1,JQ730486.1,,,,,"Michelangeli et al. (2012), Rocha et al. (2016)",,0,1Chaetostoma_armatum,x,x,Chaetostoma armatum (Spreng.) Cogn.,(not in BAMM),(not in BAMM),,JQ730280.1,JQ730069.1,JQ730487.1,,,,,"Michelangeli et al. (2012), Rocha et al. (2016)",,(outgroup),(outgroup)Chaetostoma_pungens,x,x,Chaetostoma pungens DC.,(not in BAMM),(not in BAMM),,,JQ730065.1,,,KF462840.1,,,"Michelangeli et al. (2012), Rocha et al. (2016)",,(outgroup),(outgroup)Comolia_ayangannae,Comolia_ayangannae,x,Comolia ayangannae Wurdack,Acisanthera,0.85,,,JQ730069.1,,KU501116.1,KU501000.1,,,"Michelangeli et al. (2012), Rocha et al. (2016)",,0,1Comolia_coriacea,Comolia_coriacea,x,Comolia coriacea Gleason,Cmontana,1,,KU501171.1,KU501063.1,,,KU501022.1,KU500935.1,,"Michelangeli et al. (2012), Rocha et al. (2016)",,0,1Comolia_edmundoi,Comolia_edmundoi,x,Comolia edmundoi Brade,Fritzschia,0.8,,,,,KU501121.1,,,,"Michelangeli et al. (2012), Rocha et al. (2016)",,1,0Comolia_lanceiflora,Comolia_lanceiflora,x,Comolia lanceiflora (DC.) Triana,Fritzschia,0.8,,KU501176.1,,,KU501123.1,KU501009.1,KU500940.1,,"Michelangeli et al. (2012), Rocha et al. (2016)",,1,1Comolia_leptophylla,Comolia_leptophylla,x,Comolia leptophylla (Bonpl.) Naudin,Comolia,0.8,,KU501177.1,KU501068.1,,,KU501015.1,KU500941.1,,"Michelangeli et al. (2012), Rocha et al. (2016)",,0,1Comolia_lythrarioides,Comolia_lythrarioides,x,Comolia villosa (Aubl.) Triana,Comolia,0.8,,,KU501072.1,,KU501124.1,KU501013.1,,,"Michelangeli et al. (2012), Rocha et al. (2016)",,0,1Comolia_lythrarioides_Maguire27351,x,x,Comolia villosa (Aubl.) Triana,(not in BAMM),(not in BAMM),,KU501180.1,KU501071.1,,,KU501014.1,KU500944.1,,"Michelangeli et al. (2012), Rocha et al. (2016)",,(double entry),(double entry)Comolia_microphylla,Comolia_microphylla,x,Comolia microphylla Benth.,Comolia,0.8,,JQ730281.1,JQ730070.1,JQ730488.1,KU501125.1,KF462841.1,,,"Michelangeli et al. (2012), Rocha et al. (2016)",,0,1Comolia_montana,Comolia_montana,x,Comolia montana Wurdack,Cmontana,1,,JQ730281.1,JQ730070.1,,,KU501023.1,KU500945.1,,"Michelangeli et al. (2012), Rocha et al. (2016)",,0,1Comolia_ovalifolia,Comolia_ovalifolia,x,Comolia ovalifolia Triana,Comolia,0.8,,,KU501078.1,,,KU501020.1,,,"Michelangeli et al. (2012), Rocha et al. (2016)",,0,1Comolia_sertularia,Comolia_sertularia,x,Comolia sertularia Triana,Fritzschia,0.8,,JQ730282.1,JQ730071.1,JQ730489.1,KU501122.1,KF462842.1,,,"Michelangeli et al. (2012), Rocha et al. (2016)",,1,0Comolia_sessilis,Comolia_sessilis,x,Comolia sessilis Triana,Fritzschia,0.8,,,JQ730071.1,,,KU501011.1,KU500988.1,,"Michelangeli et al. (2012), Rocha et al. (2016)",,1,0Comolia_smithii,Comolia_smithii,x,Comolia smithii Wurdack,Comolia,0.8,,KU501178.1,,,,KU501018.1,,,"Michelangeli et al. (2012), Rocha et al. (2016)",,0,1Comolia_sp_Rocha984,Comolia_sp1,x,NA,Fritzschia,0.8,,,KU501075.1,,,KU501010.1,,,"Michelangeli et al. (2012), Rocha et al. (2016)",,1,0Comolia_stenodon,Comolia_stenodon,x,Comolia stenodon Triana,Fritzschia,0.8,,,KU501069.1,,,KU501008.1,,,"Michelangeli et al. (2012), Rocha et al. (2016)",,1,0Comolia_vernicosa,Comolia_vernicosa,x,Comolia vernicosa (Benth.) Triana,Sandemania,1,,JQ730283.1,JQ730072.1,JQ730490.1,KU501149.1,KF462843.1,,,"Michelangeli et al. (2012), Rocha et al. (2016)",,0,1Comolia_villosa_Michelangeli2200,x,x,Comolia villosa (Aubl.) Triana,(not in BAMM),(not in BAMM),,JQ730283.1,JQ730072.1,,KU501126.1,KU501017.1,KU500971.1,,"Michelangeli et al. (2012), Rocha et al. (2016)",,(double entry),(double entry)Comolia_villosa_Rocha739,Comolia_villosa,x,Comolia villosa (Aubl.) Triana,Comolia,0.8,,,KU501076.1,,,KU501019.1,KU500946.1,,"Michelangeli et al. (2012), Rocha et al. (2016)",,0,1Comolia_villosa_var_villosa,x,x,Comolia villosa (Aubl.) Triana,(not in BAMM),(not in BAMM),,KU501181.1,KU501074.1,,,KU501016.1,KU500943.1,,"Michelangeli et al. (2012), Rocha et al. (2016)",,(double entry),(double entry)Desmoscelis_villosa,x,Desmoscelis_villosa,Desmoscelis villosa (Aubl.) Naudin,(not in BAMM),(not in BAMM),,JQ730284.1,JQ730073.1,JQ730491.1,,KF462844.1,,,"Michelangeli et al. (2012), Rocha et al. (2016)",,1,1Dichaetanthera_africana,x,x,Dichaetanthera africana Jacq.-Fí©l.,(not in BAMM),(not in BAMM),,JQ730285.1,JQ730074.1,JQ730492.1,,,,,"Michelangeli et al. (2012), Rocha et al. (2016)",,(outgroup),(outgroup)Dichaetanthera_oblongifolia,x,x,Dichaetanthera oblongifolia Baker,(not in BAMM),(not in BAMM),,JQ730286.1,JQ730075.1,JQ730493.1,,,,,"Michelangeli et al. (2012), Rocha et al. (2016)",,(outgroup),(outgroup)Dionycha_bojerii,x,x,Dionycha bojerii Naudin,(not in BAMM),(not in BAMM),,JQ730287.1,JQ730076.1,JQ730494.1,,,,,"Michelangeli et al. (2012), Rocha et al. (2016)",,(outgroup),(outgroup)Dissotis_cf_phaeotricha,x,x,NA,(not in BAMM),(not in BAMM),,JQ730288.1,JQ730077.1,JQ730495.1,,,,,"Michelangeli et al. (2012), Rocha et al. (2016)",,(outgroup),(outgroup)Dissotis_multiflora,x,x,Dissotis multiflora (Sm.) Triana,(not in BAMM),(not in BAMM),,JQ730289.1,JQ730078.1,JQ730496.1,,,,,"Michelangeli et al. (2012), Rocha et al. (2016)",,(outgroup),(outgroup)Eriocnema_fulva,x,x,Eriocnema fulva Naudin,(not in BAMM),(not in BAMM),,JQ730291.1,EF418811.1,JQ730497.1,,,,,"Michelangeli et al. (2012), Rocha et al. (2016)",,(outgroup),(outgroup)Ernestia_adenotricha,Ernestia_adenotricha,x,Ernestia adenotricha L.Uribe,MacaireaErnestia,0.4,,,JQ730073.1,,KU501136.1,KU501026.1,,,"Michelangeli et al. (2012), Rocha et al. (2016)",,0,1Ernestia_confertiflora,Ernestia_confertiflora,x,Ernestia confertiflora Wurdack,Nepsera,0.9,,JQ730292.1,JQ730079.1,JQ730498.1,,,KU500947.1,,"Michelangeli et al. (2012), Rocha et al. (2016)",,0,1Ernestia_cordifolia,Ernestia_cordifolia,x,Ernestia cordifolia O. Berg ex Triana,Epseudoernestia,1,,KU501186.1,KU501083.1,,KU501127.1,KU501021.1,,,"Michelangeli et al. (2012), Rocha et al. (2016)",,0,1Ernestia_glandulosa,Ernestia_glandulosa,x,Ernestia glandulosa Gleason,Epseudoernestia,1,,JQ730293.1,JQ730080.1,JQ730499.1,KU501128.1,KF462847.1,,,"Michelangeli et al. (2012), Rocha et al. (2016)",,0,1Ernestia_maguirei,Ernestia_maguirei,x,Ernestia maguirei Wurdack,MacaireaErnestia,0.4,,JQ730293.1,JQ730080.1,,,,KU500948.1,,"Michelangeli et al. (2012), Rocha et al. (2016)",,0,1Ernestia_ovata,Ernestia_ovata,x,Ernestia ovata Cogn.,MacaireaErnestia,0.4,,KU501182.1,KU501079.1,,KU501137.1,KU501028.1,,,"Michelangeli et al. (2012), Rocha et al. (2016)",,0,1Ernestia_pullei,Ernestia_pullei,x,Ernestia pullei Gleason,Nepsera,0.9,,JQ730294.1,JQ730081.1,JQ730500.1,KU501129.1,KF462848.1,KU500958.1,,"Michelangeli et al. (2012), Rocha et al. (2016)",,0,1Ernestia_quadriseta,Ernestia_quadriseta,x,Ernestia quadriseta O. Berg ex Triana,MacaireaErnestia,0.4,,JQ730294.1,JQ730081.1,,,KU501029.1,KU500950.1,,"Michelangeli et al. (2012), Rocha et al. (2016)",,0,1Ernestia_rubra,Ernestia_rubra,x,Ernestia rubra Pulle,Nepsera,0.9,,KU501187.1,,,,,,,"Michelangeli et al. (2012), Rocha et al. (2016)",,0,1Ernestia_tenella,Ernestia_tenella,x,Ernestia tenella (Bonpl.) DC.,MacaireaErnestia,0.4,,JQ730295.1,JQ730082.1,JQ730501.1,,KU501027.1,KU500949.1,,"Michelangeli et al. (2012), Rocha et al. (2016)",,0,1Fritzschia_aninostemon,Fritzschia_aninostemon,x,Fritzschia anisostemon Cham.,Fritzschia,0.8,,JQ730295.1,JQ730082.1,,,KU501012.1,KU500957.1,,"Michelangeli et al. (2012), Rocha et al. (2016)",,1,0Fritzschia_erecta,Fritzschia_erecta,x,Fritzschia erecta Cham.,Fritzschia,0.8,,JQ730296.1,JQ730083.1,JQ730502.1,,KF462849.1,KU500942.1,,"Michelangeli et al. (2012), Rocha et al. (2016)",,1,0Graffenrieda_latifolia,x,x,Graffenrieda latifolia (Naudin) Triana,(not in BAMM),(not in BAMM),,JQ730297.1,AY460450.1,JQ730503.1,,,,,"Michelangeli et al. (2012), Rocha et al. (2016)",,(outgroup),(outgroup)Graffenrieda_moritziana,x,x,Graffenrieda moritziana Triana,(not in BAMM),(not in BAMM),,JQ730298.1,AY460451.1,JQ730504.1,,,,,"Michelangeli et al. (2012), Rocha et al. (2016)",,(outgroup),(outgroup)Guyonia_ciliata,x,x,Guyonia ciliata Hook. f.,(not in BAMM),(not in BAMM),,,JQ730084.1,JQ730505.1,,,,,"Michelangeli et al. (2012), Rocha et al. (2016)",,(outgroup),(outgroup)Heterocentron_elegans,x,Heterocentron_elegans,Heterocentron elegans (Schltdl.) Kuntze,(not in BAMM),(not in BAMM),,JQ730299.1,JQ730085.1,JQ730506.1,,,,,"Michelangeli et al. (2012), Rocha et al. (2016)",,0,1Heterocentron_muricatum,x,Heterocentron_muricatum,Heterocentron muricatum Gleason,(not in BAMM),(not in BAMM),,JQ730300.1,JQ730086.1,JQ730507.1,,,,,"Michelangeli et al. (2012), Rocha et al. (2016)",,0,1Heterocentron_subtriplinervium,x,Heterocentron_subtriplinervium,Heterocentron subtriplinervium (Link & Otto) A. Braun & C.D. Bouchí©,(not in BAMM),(not in BAMM),,JQ730301.1,JQ730087.1,JQ730508.1,,,,,"Michelangeli et al. (2012), Rocha et al. (2016)",,0,1Heterotis_decumbens,x,x,Heterotis decumbens Jacq.-Fí©l.,(not in BAMM),(not in BAMM),,JQ730302.1,JQ730088.1,JQ730509.1,,KF462853.1,,,"Michelangeli et al. (2012), Rocha et al. (2016)",,(outgroup),(outgroup)Heterotis_rotundifolia,x,x,Heterotis rotundifolia (Sm.) Jacq.-Fí©l.,(not in BAMM),(not in BAMM),,JQ730290.1,JQ730089.1,,,,,,"Michelangeli et al. (2012), Rocha et al. (2016)",,(outgroup),(outgroup)Itatiaia_cleistopetala,x,Itatiaia_cleistopetala,Itatiaia cleistopetala Ule,(not in BAMM),(not in BAMM),,JQ730303.1,JQ730090.1,JQ730510.1,,,,,"Michelangeli et al. (2012), Rocha et al. (2016)",,0,1Lavoisiera_bicolor,x,x,Lavoisiera bicolor Naudin,(not in BAMM),(not in BAMM),,JQ730302.1,JQ730088.1,,KU501157.1,KF462855.1,KU500985.1,,"Michelangeli et al. (2012), Rocha et al. (2016)",,(outgroup),(outgroup)Lavoisiera_imbricata,x,x,Lavoisiera imbricata DC.,(not in BAMM),(not in BAMM),,JQ730304.1,JQ730091.1,JQ730511.1,,,,,"Michelangeli et al. (2012), Rocha et al. (2016)",,(outgroup),(outgroup)Lavoisiera_mucorifera,x,x,Lavoisiera mucorifera DC.,(not in BAMM),(not in BAMM),,JQ730305.1,JQ730092.1,JQ730512.1,,,,,"Michelangeli et al. (2012), Rocha et al. (2016)",,(outgroup),(outgroup)Lavoisiera_pulchella,x,x,Lavoisiera pulchella Cham.,(not in BAMM),(not in BAMM),,JQ730306.1,JQ730093.1,JQ730513.1,,,,,"Michelangeli et al. (2012), Rocha et al. (2016)",,(outgroup),(outgroup)Macairea_lasiophylla,Macairea_lasiophylla,x,Macairea lasiophylla (Benth.) Wurdack,MacaireaErnestia,0.4,,KF407958.1,KF463033.1,,KU501134.1,KU501024.1,KU500981.1,,"Michelangeli et al. (2012), Rocha et al. (2016)",,0,1Macairea_multinervia,Macairea_multinervia,x,Macairea multinervia Benth.,MacaireaErnestia,0.4,,,KU501081.1,,KU501135.1,KU501025.1,KU500955.1,,"Michelangeli et al. (2012), Rocha et al. (2016)",,0,1Macairea_pachyphylla,Macairea_pachyphylla,x,Macairea pachyphylla Benth.,MacaireaErnestia,0.4,,KU501185.1,KU501082.1,,,KF462858.1,KU500956.1,,"Michelangeli et al. (2012), Rocha et al. (2016)",,0,1Macairea_radula,Macairea_radula,x,Macairea radula (Bonpl.) DC.,MacaireaErnestia,0.4,,JQ730307.1,JQ730095.1,JQ730514.1,KU501133.1,KF462859.1,,,"Michelangeli et al. (2012), Rocha et al. (2016)",,1,1Macairea_thyrsiflora,Macairea_thyrsiflora,x,Macairea thyrsiflora DC.,MacaireaErnestia,0.4,,JQ730308.1,JQ730096.1,JQ730515.1,KU501132.1,KF462860.1,KU500954.1,,"Michelangeli et al. (2012), Rocha et al. (2016)",,0,1Marcetia_acerosa,Marcetia_acerosa,x,Marcetia acerosa DC.,Marcetia,0.51,,KU501184.1,JQ730096.1,JQ730516.1,,,KU500953.1,,"Michelangeli et al. (2012), Rocha et al. (2016)",,1,0Marcetia_alba,Marcetia_alba,x,Marcetia alba Ule,Marcetia,0.51,,,JQ730097.1,,,KU501040.1,,,"Michelangeli et al. (2012), Rocha et al. (2016)",,1,0Marcetia_bahiensis,Marcetia_bahiensis,x,Marcetia bahiensis (Brade & Markgr.) Wurdack,Marcetia,0.51,,KU501200.1,KU501095.1,,KU501140.1,,,,"Michelangeli et al. (2012), Rocha et al. (2016)",,1,0Marcetia_candolleana,Marcetia_candolleana,x,Marcetia candolleana A.K.A.Santos & A.B.Martins,Marcetia,0.51,,KU501190.1,KU501086.1,,KU501139.1,KU501031.1,KU500961.1,,"Michelangeli et al. (2012), Rocha et al. (2016)",,1,0Marcetia_canescens,Marcetia_canescens,x,Marcetia canescens Naudin,Marcetia,0.51,,KU501189.1,KU501085.1,,KU501143.1,KU501034.1,KU500960.1,,"Michelangeli et al. (2012), Rocha et al. (2016)",,1,0Marcetia_eimeriana,Marcetia_eimeriana,x,Marcetia eimeariana A.B. Martins & Woodgyer,Marcetia,0.51,,JQ730309.1,JQ730098.1,JQ730517.1,,,KU500964.1,,"Michelangeli et al. (2012), Rocha et al. (2016)",,1,0Marcetia_ericoides,Marcetia_ericoides,x,Marcetia ericoides (Spreng.) Cogn.,Marcetia,0.51,,JQ730310.1,JQ730099.1,JQ730518.1,,,,,"Michelangeli et al. (2012), Rocha et al. (2016)",,1,1Marcetia_formosa,Marcetia_formosa,x,Marcetia formosa Wurdack,Marcetia,0.51,,,JQ730099.1,,KU501144.1,KU501035.1,,,"Michelangeli et al. (2012), Rocha et al. (2016)",,1,0Marcetia_grandiflora,Marcetia_grandiflora,x,Marcetia grandiflora Markgr.,Marcetia,0.51,,KU501195.1,KU501090.1,,KU501145.1,KU501036.1,KU500965.1,,"Michelangeli et al. (2012), Rocha et al. (2016)",,1,0Marcetia_harleyi,Marcetia_harleyi,x,Marcetia harleyi Wurdack,Marcetia,0.51,,KU501196.1,JQ730100.1,JQ730519.1,,,KU500966.1,,"Michelangeli et al. (2012), Rocha et al. (2016)",,1,0Marcetia_latifolia,Marcetia_latifolia,x,Marcetia latifolia Naudin,Marcetia,0.51,,,JQ730101.1,JQ730520.1,,,,,"Michelangeli et al. (2012), Rocha et al. (2016)",,1,0Marcetia_macrophylla,Marcetia_macrophylla,x,Marcetia macrophylla Wurdack,Marcetia,0.51,,,JQ730101.1,,KU501138.1,KU501030.1,,,"Michelangeli et al. (2012), Rocha et al. (2016)",,1,0Marcetia_mucugensis,Marcetia_mucugensis,x,Marcetia mucugensis Wurdack,Marcetia,0.51,,KU501188.1,KU501084.1,,KU501142.1,KU501033.1,KU500959.1,,"Michelangeli et al. (2012), Rocha et al. (2016)",,1,0Marcetia_sp_Rocha318,Marcetia_sp1,x,NA,Marcetia,0.51,,KU501192.1,KU501088.1,,KU501146.1,KU501038.1,KU500963.1,,"Michelangeli et al. (2012), Rocha et al. (2016)",,1,0Marcetia_sp_Rocha335,Marcetia_sp2,x,NA,Marcetia,0.51,,KU501198.1,KU501093.1,,,KU501037.1,KU500967.1,,"Michelangeli et al. (2012), Rocha et al. (2016)",,1,0Marcetia_taxifolia,Marcetia_taxifolia,x,Marcetia taxifolia (A. St.-Hil.) DC.,Marcetia,0.51,,JQ730311.1,JQ730102.1,JQ730521.1,KU501148.1,KU501041.1,KU500968.1,,"Michelangeli et al. (2012), Rocha et al. (2016)",,1,1Marcetia_velutina,Marcetia_velutina,x,Marcetia velutina Markgr.,Marcetia,0.51,,JQ730311.1,JQ730102.1,,KU501141.1,KU501032.1,KU500970.1,,"Michelangeli et al. (2012), Rocha et al. (2016)",,1,0Marcetia_viscida,Marcetia_viscida,x,Marcetia viscida Wurdack,Marcetia,0.51,,KU501191.1,KU501087.1,,KU501147.1,KU501039.1,KU500962.1,,"Michelangeli et al. (2012), Rocha et al. (2016)",,1,0Melastoma_affine,x,x,Melastoma malabathricum L.,(not in BAMM),(not in BAMM),,,GQ265878.1,,,,,,"Michelangeli et al. (2012), Rocha et al. (2016)",,(outgroup),(outgroup)Melastoma_candidum,x,x,Melastoma malabathricum L.,(not in BAMM),(not in BAMM),,JQ730312.1,JQ730103.1,JQ730522.1,,,,,"Michelangeli et al. (2012), Rocha et al. (2016)",,(outgroup),(outgroup)Melastoma_denticulatum,x,x,Melastoma denticulatum Labill.,(not in BAMM),(not in BAMM),,JQ730313.1,JQ730104.1,JQ730523.1,,,,,"Michelangeli et al. (2012), Rocha et al. (2016)",,(outgroup),(outgroup)Melastoma_dodecandrum,x,x,Melastoma dodecandrum Lour.,(not in BAMM),(not in BAMM),,,GQ265883.1,,,,,,"Michelangeli et al. (2012), Rocha et al. (2016)",,(outgroup),(outgroup)Melastoma_intermedium,x,x,Melastoma intermedium Dunn,(not in BAMM),(not in BAMM),,,GQ265879.1,,,,,,"Michelangeli et al. (2012), Rocha et al. (2016)",,(outgroup),(outgroup)Melastoma_malabathricum,x,x,Melastoma malabathricum L.,(not in BAMM),(not in BAMM),,JQ730314.1,JQ730105.1,JQ730524.1,,,,,"Michelangeli et al. (2012), Rocha et al. (2016)",,(outgroup),(outgroup)Melastoma_sanguineum,x,x,Melastoma sanguineum Sims,(not in BAMM),(not in BAMM),,JQ730315.1,JQ730106.1,JQ730525.1,,,,,"Michelangeli et al. (2012), Rocha et al. (2016)",,(outgroup),(outgroup)Meriania_longifolia,x,x,Meriania longifolia (Naudin) Cogn.,(not in BAMM),(not in BAMM),,JQ730316.1,AY460454.1,JQ730526.1,,,,,"Michelangeli et al. (2012), Rocha et al. (2016)",,(outgroup),(outgroup)Miconia_dodecandra,x,x,Miconia dodecandra Cogn.,(not in BAMM),(not in BAMM),,JQ730317.1,AY460506.1,JQ730527.1,,,,,"Michelangeli et al. (2012), Rocha et al. (2016)",,(outgroup),(outgroup)Miconia_tomentosa,x,x,Miconia tomentosa (Rich.) D. Don ex DC.,(not in BAMM),(not in BAMM),,JQ730318.1,EF418905.1,JQ730528.1,,,,,"Michelangeli et al. (2012), Rocha et al. (2016)",,(outgroup),(outgroup)Microlepis_oleifolia,x,Microlepis_oleifolia,Microlepis oleifolia (DC.) Triana,(not in BAMM),(not in BAMM),,JQ730319.1,JQ730107.1,JQ730529.1,,,,,"Michelangeli et al. (2012), Rocha et al. (2016)",,1,1Microlicia_fulva,x,x,Microlicia fulva (Spreng.) Cham.,(not in BAMM),(not in BAMM),,KU501199.1,KU501094.1,,KU501156.1,KU501051.1,KU500969.1,,"Michelangeli et al. (2012), Rocha et al. (2016)",,(outgroup),(outgroup)Monochaetum_bonplandii,x,Monochaetum_bonplandii,Monochaetum bonplandii (Humb. & Bonpl.) Naudin,(not in BAMM),(not in BAMM),,JQ730320.1,JQ730108.1,JQ730530.1,,,,,"Michelangeli et al. (2012), Rocha et al. (2016)",,0,1Monochaetum_discolor,x,Monochaetum_discolor,Monochaetum discolor H. Karst. ex Triana,(not in BAMM),(not in BAMM),,JQ730321.1,JQ730109.1,JQ730531.1,,,,,"Michelangeli et al. (2012), Rocha et al. (2016)",,0,1Monochaetum_humboldtianum,x,Monochaetum_humboldtianum,Monochaetum humboldtianum Kunth ex Walp.,(not in BAMM),(not in BAMM),,JQ730322.1,JQ730110.1,JQ730532.1,,,,,"Michelangeli et al. (2012), Rocha et al. (2016)",,0,1Monochaetum_meridense,x,Monochaetum_meridense,Monochaetum meridense Naudin,(not in BAMM),(not in BAMM),,JQ730323.1,JQ730111.1,JQ730533.1,,,,,"Michelangeli et al. (2012), Rocha et al. (2016)",,0,1Monochaetum_polyneuron,x,Monochaetum_polyneuron,Monochaetum polyneuron Triana,(not in BAMM),(not in BAMM),,JQ730324.1,JQ730112.1,JQ730534.1,,,,,"Michelangeli et al. (2012), Rocha et al. (2016)",,0,1Monochaetum_tenellum,x,Monochaetum_tenellum,Monochaetum tenellum Naudin,(not in BAMM),(not in BAMM),,,AY460432.1,,,,,,"Michelangeli et al. (2012), Rocha et al. (2016)",,0,1Monochaetum_uribei,x,Monochaetum_uribei,Monochaetum uribei Wurdack,(not in BAMM),(not in BAMM),,JQ730325.1,JQ730113.1,JQ730535.1,,,,,"Michelangeli et al. (2012), Rocha et al. (2016)",,0,1Monochaetum_vulcanicum,x,Monochaetum_vulcanicum,Monochaetum vulcanicum Cogn.,(not in BAMM),(not in BAMM),,JQ730326.1,JQ730114.1,JQ730536.1,,,,,"Michelangeli et al. (2012), Rocha et al. (2016)",,0,1Nepsera_aquatica,Nepsera_aquatica,x,Nepsera aquatica (Aubl.) Naudin,Nepsera,0.9,,JQ730327.1,JQ730115.1,JQ730537.1,KU501131.1,,KU500980.1,,"Michelangeli et al. (2012), Rocha et al. (2016)",,0,1Osbeckia_australiana,x,x,Osbeckia australiana Naudin,(not in BAMM),(not in BAMM),,JQ730328.1,JQ730116.1,JQ730538.1,,,,,"Michelangeli et al. (2012), Rocha et al. (2016)",,(outgroup),(outgroup)Osbeckia_courtallensis,x,x,Osbeckia courtallensis Gamble,(not in BAMM),(not in BAMM),,,JQ730117.1,,,,,,"Michelangeli et al. (2012), Rocha et al. (2016)",,(outgroup),(outgroup)Osbeckia_nepalensis,x,x,Osbeckia nepalensis Hook. f.,(not in BAMM),(not in BAMM),,JQ730329.1,JQ730118.1,JQ730539.1,,,,,"Michelangeli et al. (2012), Rocha et al. (2016)",,(outgroup),(outgroup)Osbeckia_stellata,x,x,Osbeckia stellata Buch.-Ham. ex Ker Gawl.,(not in BAMM),(not in BAMM),,JQ730330.1,JQ730119.1,JQ730540.1,,,,,"Michelangeli et al. (2012), Rocha et al. (2016)",,(outgroup),(outgroup)Pachyloma_huberioides,x,x,Pachyloma huberioides (Naudin) Triana,(not in BAMM),(not in BAMM),,JQ730331.1,JQ730120.1,JQ730541.1,,,,,"Michelangeli et al. (2012), Rocha et al. (2016)",,(outgroup),(outgroup)Physeterostemon_thomasii,x,x,"Physeterostemon thomasii Amorim, F.A. Michelangeli & R. Goldenb.",(not in BAMM),(not in BAMM),,JQ730332.1,JQ730121.1,JQ730542.1,,,,,"Michelangeli et al. (2012), Rocha et al. (2016)",,(outgroup),(outgroup)Pilocosta_campanensis,x,Pilocosta_campanensis,Pilocosta campanensis (Almeda & Whiffin) Almeda,(not in BAMM),(not in BAMM),,JQ730333.1,JQ730122.1,JQ730543.1,,,,,"Michelangeli et al. (2012), Rocha et al. (2016)",,0,1Pilocosta_nana,x,Pilocosta_nana,Pilocosta nana (Standl.) Almeda & Whiffin,(not in BAMM),(not in BAMM),,JQ730334.1,JQ730123.1,JQ730544.1,,,,,"Michelangeli et al. (2012), Rocha et al. (2016)",,0,1Pilocosta_nubicola,x,Pilocosta_nubicola,Pilocosta nubicola Almeda,(not in BAMM),(not in BAMM),,JQ730335.1,JQ730124.1,JQ730545.1,,,,,"Michelangeli et al. (2012), Rocha et al. (2016)",,0,1Pilocosta_oerstedii,x,Pilocosta_oerstedii,Pilocosta oerstedii (Triana) Almeda & Whiffin,(not in BAMM),(not in BAMM),,JQ730336.1,JQ730125.1,JQ730546.1,,,,,"Michelangeli et al. (2012), Rocha et al. (2016)",,0,1Pterogastra_divaricata,x,x,Pterogastra divaricata (Bonpl.) Naudin,(not in BAMM),(not in BAMM),,JQ730337.1,JQ730126.1,JQ730547.1,KU501159.1,KF462875.1,KU500952.1,,"Michelangeli et al. (2012), Rocha et al. (2016)",,(outgroup),(outgroup)Pterogastra_minor,x,x,Pterogastra minor Naudin,(not in BAMM),(not in BAMM),,JQ730338.1,JQ730127.1,JQ730548.1,,,,,"Michelangeli et al. (2012), Rocha et al. (2016)",,(outgroup),(outgroup)Pterolepis_alpestris,x,x,Pterolepis alpestris Triana,(not in BAMM),(not in BAMM),,JQ730339.1,JQ730129.1,JQ730549.1,,,,,"Michelangeli et al. (2012), Rocha et al. (2016)",,(outgroup),(outgroup)Pterolepis_glomerata,x,x,Pterolepis glomerata (Rottb.) Miq.,(not in BAMM),(not in BAMM),,JQ730340.1,JQ730130.1,JQ730550.1,KU501158.1,KF462876.1,,,"Michelangeli et al. (2012), Rocha et al. (2016)",,(outgroup),(outgroup)Pterolepis_parnassifolia,x,x,Pterolepis parnassifolia (DC.) Triana,(not in BAMM),(not in BAMM),,JQ730341.1,JQ730131.1,JQ730551.1,,,,,"Michelangeli et al. (2012), Rocha et al. (2016)",,(outgroup),(outgroup)Pterolepis_repanda,x,x,Pterolepis repanda (DC.) Triana,(not in BAMM),(not in BAMM),,JQ730342.1,JQ730132.1,JQ730552.1,,,,,"Michelangeli et al. (2012), Rocha et al. (2016)",,(outgroup),(outgroup)Pterolepis_rotundifolia,x,x,Pterolepis rotundifolia Wurdack,(not in BAMM),(not in BAMM),,JQ730343.1,JQ730133.1,JQ730553.1,,,,,"Michelangeli et al. (2012), Rocha et al. (2016)",,(outgroup),(outgroup)Pterolepis_sp_Nee55383,x,x,NA,(not in BAMM),(not in BAMM),,JQ730344.1,JQ730128.1,JQ730554.1,,,,,"Michelangeli et al. (2012), Rocha et al. (2016)",,(outgroup),(outgroup)Rhexia_alifanus,x,x,Rhexia alifanus Walter,(not in BAMM),(not in BAMM),,,DQ985623.1,,,,,,"Michelangeli et al. (2012), Rocha et al. (2016)",,(outgroup),(outgroup)Rhexia_aristosa,x,x,Rhexia aristosa Britton,(not in BAMM),(not in BAMM),,JQ730345.1,JQ730134.1,JQ730555.1,,KF462878.1,KU500982.1,,"Michelangeli et al. (2012), Rocha et al. (2016)",,(outgroup),(outgroup)Rhexia_cubensis,x,x,Rhexia cubensis Griseb.,(not in BAMM),(not in BAMM),,,DQ985627.1,,,,,,"Michelangeli et al. (2012), Rocha et al. (2016)",,(outgroup),(outgroup)Rhexia_lutea,x,x,Rhexia lutea Walter,(not in BAMM),(not in BAMM),,,DQ985628.1,,,,,,"Michelangeli et al. (2012), Rocha et al. (2016)",,(outgroup),(outgroup)Rhexia_mariana,x,x,Rhexia mariana L.,(not in BAMM),(not in BAMM),,,JQ730135.1,JQ730556.1,,,,,"Michelangeli et al. (2012), Rocha et al. (2016)",,(outgroup),(outgroup)Rhexia_nuttallii,x,x,Rhexia nuttallii C.W. James,(not in BAMM),(not in BAMM),,,DQ985634.1,,,,,,"Michelangeli et al. (2012), Rocha et al. (2016)",,(outgroup),(outgroup)Rhexia_parviflora,x,x,Rhexia parviflora Chapm.,(not in BAMM),(not in BAMM),,,DQ985636.1,,,,,,"Michelangeli et al. (2012), Rocha et al. (2016)",,(outgroup),(outgroup)Rhexia_petiolata,x,x,Rhexia petiolata Walter,(not in BAMM),(not in BAMM),,,DQ985637.1,,,,,,"Michelangeli et al. (2012), Rocha et al. (2016)",,(outgroup),(outgroup)Rhexia_salicifolia,x,x,Rhexia salicifolia Kral & Bostick,(not in BAMM),(not in BAMM),,,DQ985639.1,,,,,,"Michelangeli et al. (2012), Rocha et al. (2016)",,(outgroup),(outgroup)Rhexia_virginica,x,x,Rhexia virginica L.,(not in BAMM),(not in BAMM),,JQ730346.1,JQ730136.1,JQ730557.1,,,,,"Michelangeli et al. (2012), Rocha et al. (2016)",,(outgroup),(outgroup)Rhynchanthera_bracteata,x,x,Rhynchanthera bracteata Triana,(not in BAMM),(not in BAMM),,JQ730347.1,JQ730137.1,JQ730558.1,,,,,"Michelangeli et al. (2012), Rocha et al. (2016)",,(outgroup),(outgroup)Rhynchanthera_grandiflora,x,x,Rhynchanthera grandiflora (Aubl.) DC.,(not in BAMM),(not in BAMM),,JQ730348.1,JQ730138.1,JQ730559.1,,,,,"Michelangeli et al. (2012), Rocha et al. (2016)",,(outgroup),(outgroup)Rhynchanthera_serrulata,x,x,Rhynchanthera serrulata (Rich.) DC.,(not in BAMM),(not in BAMM),,JQ730349.1,AY460435.1,JQ730560.1,,,,,"Michelangeli et al. (2012), Rocha et al. (2016)",,(outgroup),(outgroup)Rousseauxia_andringitrensis,x,x,Rousseauxia andringitrensis (H. Perrier) Jacq.-Fí©l.,(not in BAMM),(not in BAMM),,JQ730350.1,JQ730139.1,JQ730561.1,,,,,"Michelangeli et al. (2012), Rocha et al. (2016)",,(outgroup),(outgroup)Rousseauxia_minimifolia,x,x,Rousseauxia minimifolia (Jum. & H. Perrier) Jacq.-Fí©l.,(not in BAMM),(not in BAMM),,JQ730351.1,JQ730140.1,JQ730562.1,KU501150.1,KF462882.1,KU500986.1,,"Michelangeli et al. (2012), Rocha et al. (2016)",,(outgroup),(outgroup)Sandemania_hoehnei,Sandemania_hoehnei,x,Sandemania hoehnei (Cogn.) Wurdack,Sandemania,1,,JQ730352.1,JQ730141.1,JQ730563.1,,KU501045.1,KU500972.1,,"Michelangeli et al. (2012), Rocha et al. (2016)",,0,1Siphanthera_arenaria,Siphanthera_arenaria,x,Siphanthera arenaria (DC.) Cogn.,Siphanthera,0.6,,KU501203.1,KU501099.1,,,KU501048.1,KU500974.1,,"Michelangeli et al. (2012), Rocha et al. (2016)",,1,0Siphanthera_cordata,Siphanthera_cordata,x,Siphanthera cordata Pohl ex DC.,Siphanthera,0.6,,KU501212.1,,,KU501151.1,KU501042.1,,,"Michelangeli et al. (2012), Rocha et al. (2016)",,1,1Siphanthera_cordifolia,Siphanthera_cordifolia,x,Siphanthera cordifolia (Benth.) Gleason,Siphanthera,0.6,,KU501201.1,KU501096.1,,,KU501049.1,KU500973.1,,"Michelangeli et al. (2012), Rocha et al. (2016)",,0,1Siphanthera_dawsonii,Siphanthera_dawsonii,x,Siphanthera dawsonii Wurdack,Siphanthera,0.6,,KU501211.1,,,,KU501043.1,,,"Michelangeli et al. (2012), Rocha et al. (2016)",,1,0Siphanthera_fasciculata,Siphanthera_fasciculata,x,Siphanthera fasciculata (Gleason) Almeda & O.R. Robinson,Siphanthera,0.6,,,KU501097.1,,KU501152.1,KU501044.1,,,"Michelangeli et al. (2012), Rocha et al. (2016)",,0,1Siphanthera_foliosa,Siphanthera_foliosa,x,Siphanthera foliosa (Naudin) Wurdack,Siphanthera,0.6,,KU501202.1,KU501098.1,,KU501154.1,KU501047.1,,,"Michelangeli et al. (2012), Rocha et al. (2016)",,1,1Siphanthera_gracillima,Siphanthera_gracillima,x,Siphanthera gracillima (Naudin) Wurdack,Siphanthera,0.6,,JQ730353.1,JQ730142.1,JQ730564.1,KU501155.1,KF462883.1,,,"Michelangeli et al. (2012), Rocha et al. (2016)",,1,1Siphanthera_hostmannii,Siphanthera_hostmannii,x,Siphanthera hostmannii Cogn.,Siphanthera,0.6,,JQ730353.1,JQ730142.1,,KU501153.1,KU501046.1,,,"Michelangeli et al. (2012), Rocha et al. (2016)",,0,1Siphanthera_paludosa,Siphanthera_paludosa,x,Siphanthera paludosa (DC.) Cogn.,Siphanthera,0.6,,KU501204.1,KU501100.1,,,KU501050.1,KU500976.1,,"Michelangeli et al. (2012), Rocha et al. (2016)",,1,0Svitramia_hatschbachii,x,Svitramia_hatschbachii,Svitramia hatschbachii Wurdack,(not in BAMM),(not in BAMM),,JQ730354.1,JQ730143.1,JQ730565.1,,,,,"Michelangeli et al. (2012), Rocha et al. (2016)",,1,0Svitramia_minor,x,Svitramia_minor,Svitramia minor R.Romero & A.B.Martins,(not in BAMM),(not in BAMM),,JQ730355.1,JQ730144.1,JQ730566.1,,,,,"Michelangeli et al. (2012), Rocha et al. (2016)",,1,0Svitramia_pulchra,x,Svitramia_pulchra,Svitramia pulchra Cham.,(not in BAMM),(not in BAMM),,JQ730356.1,JQ730145.1,JQ730567.1,,,,,"Michelangeli et al. (2012), Rocha et al. (2016)",,1,0Svitramia_sp1,x,Svitramia_sp1,NA,(not in BAMM),(not in BAMM),,JQ730358.1,JQ730147.1,JQ730569.1,,,,,"Michelangeli et al. (2012), Rocha et al. (2016)",,1,0Svitramia_sp2,x,Svitramia_sp2,NA,(not in BAMM),(not in BAMM),,JQ730357.1,JQ730146.1,JQ730568.1,,,,,"Michelangeli et al. (2012), Rocha et al. (2016)",,1,0Svitramia_wurdackiana,x,Svitramia_wurdackiana,Svitramia wurdackiana R.Romero & A.B.Martins,(not in BAMM),(not in BAMM),,JQ730359.1,JQ730148.1,JQ730570.1,,,,,"Michelangeli et al. (2012), Rocha et al. (2016)",,1,0Tibouchina_aegopogon,x,Tibouchina_aegopogon,Tibouchina aegopogon Cogn.,(not in BAMM),(not in BAMM),,,,JQ730571.1,,,,,"Michelangeli et al. (2012), Rocha et al. (2016)",,1,1Tibouchina_aemula,x,Tibouchina_aemula,Tibouchina aemula Cogn.,(not in BAMM),(not in BAMM),,JQ730360.1,JQ730149.1,JQ730572.1,,,,,"Michelangeli et al. (2012), Rocha et al. (2016)",,1,0Tibouchina_alpestris,x,Tibouchina_alpestris,Tibouchina alpestris Cogn.,(not in BAMM),(not in BAMM),,JQ730361.1,JQ730150.1,JQ730573.1,,,,,"Michelangeli et al. (2012), Rocha et al. (2016)",,1,1Tibouchina_angustifolia,x,Tibouchina_angustifolia,Tibouchina angustifolia Cogn.,(not in BAMM),(not in BAMM),,JQ730362.1,JQ730151.1,JQ730574.1,,,,,"Michelangeli et al. (2012), Rocha et al. (2016)",,1,0Tibouchina_arborea,x,Tibouchina_arborea,Tibouchina arborea Cogn.,(not in BAMM),(not in BAMM),,JQ730363.1,JQ730152.1,JQ730575.1,,,,,"Michelangeli et al. (2012), Rocha et al. (2016)",,0,1Tibouchina_arenaria,x,Tibouchina_arenaria,Tibouchina arenaria Cogn.,(not in BAMM),(not in BAMM),,JQ730364.1,JQ730153.1,JQ730576.1,,,,,"Michelangeli et al. (2012), Rocha et al. (2016)",,1,0Tibouchina_aspera_var_aperrima,x,Tibouchina_aspera_var_aperrima,Tibouchina aspera Aubl.,(not in BAMM),(not in BAMM),,JQ730365.1,JQ730154.1,JQ730577.1,,,,,"Michelangeli et al. (2012), Rocha et al. (2016)",,0,1Tibouchina_aspera_var_aspera,x,Tibouchina_aspera_var_aspera,Tibouchina aspera Aubl.,(not in BAMM),(not in BAMM),,JQ730366.1,JQ730155.1,JQ730578.1,,,,,"Michelangeli et al. (2012), Rocha et al. (2016)",,0,1Tibouchina_axillaris,x,Tibouchina_axillaris,Tibouchina axillaris Cogn.,(not in BAMM),(not in BAMM),,JQ730367.1,JQ730156.1,JQ730579.1,,,,,"Michelangeli et al. (2012), Rocha et al. (2016)",,0,1Tibouchina_barnebyana,x,Tibouchina_barnebyana,Tibouchina barnebyana Wurdack,(not in BAMM),(not in BAMM),,JQ730368.1,JQ730157.1,,,,,,"Michelangeli et al. (2012), Rocha et al. (2016)",,1,0Tibouchina_benthamiana,x,Tibouchina_benthamiana,Tibouchina benthamiana Cogn.,(not in BAMM),(not in BAMM),,JQ730369.1,JQ730158.1,JQ730580.1,,,,,"Michelangeli et al. (2012), Rocha et al. (2016)",,0,1Tibouchina_bicolor,x,Tibouchina_bicolor,Tibouchina bicolor (Naudin) Cogn.,(not in BAMM),(not in BAMM),,JQ730370.1,JQ730159.1,JQ730581.1,,,,,"Michelangeli et al. (2012), Rocha et al. (2016)",,0,1Tibouchina_bipenicillata,x,Tibouchina_bipenicillata,Tibouchina bipenicillata (Naudin) Cogn.,(not in BAMM),(not in BAMM),,JQ730371.1,JQ730160.1,JQ730582.1,,,,,"Michelangeli et al. (2012), Rocha et al. (2016)",,0,1Tibouchina_blanchetiana,x,Tibouchina_blanchetiana,Tibouchina blanchetiana Cogn.,(not in BAMM),(not in BAMM),,JQ730372.1,JQ730161.1,,,,,,"Michelangeli et al. (2012), Rocha et al. (2016)",,1,0Tibouchina_boudetii,x,Tibouchina_boudetii,Tibouchina boudetii P.J.F. Guim. & R. Goldenb.,(not in BAMM),(not in BAMM),,JQ730373.1,JQ730162.1,JQ730583.1,,,,,"Michelangeli et al. (2012), Rocha et al. (2016)",,0,1Tibouchina_breedlovei,x,Tibouchina_breedlovei,Tibouchina breedlovei Wurdack,(not in BAMM),(not in BAMM),,JQ730374.1,JQ730163.1,JQ730584.1,,,,,"Michelangeli et al. (2012), Rocha et al. (2016)",,0,1Tibouchina_candolleana,x,Tibouchina_candolleana,Tibouchina candolleana Cogn.,(not in BAMM),(not in BAMM),,JQ730375.1,JQ730164.1,JQ730585.1,,,,,"Michelangeli et al. (2012), Rocha et al. (2016)",,1,1Tibouchina_cardinalis,x,Tibouchina_cardinalis,Tibouchina cardinalis Cogn.,(not in BAMM),(not in BAMM),,JQ730376.1,JQ730165.1,JQ730586.1,,,,,"Michelangeli et al. (2012), Rocha et al. (2016)",,1,0Tibouchina_castellensis,x,Tibouchina_castellensis,Tibouchina castellensis Brade,(not in BAMM),(not in BAMM),,JQ730377.1,JQ730166.1,JQ730587.1,,,,,"Michelangeli et al. (2012), Rocha et al. (2016)",,0,1Tibouchina_cerastifolia,x,Tibouchina_cerastifolia,Tibouchina cerastifolia Cogn.,(not in BAMM),(not in BAMM),,,JQ730167.1,JQ730588.1,,,,,"Michelangeli et al. (2012), Rocha et al. (2016)",,0,1Tibouchina_chamaecistus,x,Tibouchina_chamaecistus,Tibouchina chamaecistus Cogn.,(not in BAMM),(not in BAMM),,JQ730378.1,JQ730168.1,JQ730589.1,,,,,"Michelangeli et al. (2012), Rocha et al. (2016)",,0,1Tibouchina_ciliaris,x,Tibouchina_ciliaris,Tibouchina ciliaris (Vent.) Cogn.,(not in BAMM),(not in BAMM),,,JQ730169.1,JQ730590.1,,,,,"Michelangeli et al. (2012), Rocha et al. (2016)",,0,1Tibouchina_cinerea,x,Tibouchina_cinerea,Tibouchina cinera Cogn.,(not in BAMM),(not in BAMM),,JQ730379.1,JQ730170.1,JQ730591.1,,,,,"Michelangeli et al. (2012), Rocha et al. (2016)",,0,1Tibouchina_citrina,x,Tibouchina_citrina,Tibouchina citrina (Naudin) Cogn.,(not in BAMM),(not in BAMM),,JQ730380.1,JQ730171.1,JQ730592.1,,,,,"Michelangeli et al. (2012), Rocha et al. (2016)",,0,1Tibouchina_clavata,x,Tibouchina_clavata,Tibouchina clavata (Pers.) Wurdack,(not in BAMM),(not in BAMM),,JQ730381.1,JQ730172.1,JQ730593.1,,,,,"Michelangeli et al. (2012), Rocha et al. (2016)",,0,1Tibouchina_clidemioides,x,Tibouchina_clidemioides,Tibouchina clidemioides Cogn.,(not in BAMM),(not in BAMM),,JQ730382.1,JQ730173.1,,,,,,"Michelangeli et al. (2012), Rocha et al. (2016)",,0,1Tibouchina_clinopodifolia,x,Tibouchina_clinopodifolia,Tibouchina clinopodifolia (DC.) Cogn.,(not in BAMM),(not in BAMM),,JQ730383.1,JQ730174.1,JQ730594.1,,,,,"Michelangeli et al. (2012), Rocha et al. (2016)",,0,1Tibouchina_confertiflora,x,Tibouchina_confertiflora,Tibouchina confertiflora (Naudin) Cogn.,(not in BAMM),(not in BAMM),,JQ730384.1,JQ730175.1,JQ730595.1,,,,,"Michelangeli et al. (2012), Rocha et al. (2016)",,0,1Tibouchina_corymbosa,x,Tibouchina_corymbosa,Tibouchina corymbosa (Raddi) Cogn.,(not in BAMM),(not in BAMM),,JQ730385.1,JQ730176.1,JQ730596.1,,,,,"Michelangeli et al. (2012), Rocha et al. (2016)",,0,1Tibouchina_cristata,x,Tibouchina_cristata,Tibouchina cristata Brade,(not in BAMM),(not in BAMM),,JQ730386.1,JQ730177.1,JQ730597.1,,,,,"Michelangeli et al. (2012), Rocha et al. (2016)",,0,1Tibouchina_cryptadena,x,Tibouchina_cryptadena,Tibouchina cryptadena Gleason,(not in BAMM),(not in BAMM),,JQ730387.1,JQ730178.1,JQ730598.1,,,,,"Michelangeli et al. (2012), Rocha et al. (2016)",,0,1Tibouchina_dubia,x,Tibouchina_dubia,Tibouchina dubia Cogn.,(not in BAMM),(not in BAMM),,JQ730388.1,JQ730179.1,JQ730599.1,,,,,"Michelangeli et al. (2012), Rocha et al. (2016)",,0,1Tibouchina_estrellensis,x,Tibouchina_estrellensis,Tibouchina estrellensis (Raddi) Cogn.,(not in BAMM),(not in BAMM),,JQ730389.1,JQ730180.1,JQ730600.1,,,,,"Michelangeli et al. (2012), Rocha et al. (2016)",,1,1Tibouchina_fissinervia,x,Tibouchina_fissinervia,Tibouchina fissinervia Cogn.,(not in BAMM),(not in BAMM),,JQ730390.1,JQ730181.1,JQ730601.1,,,,,"Michelangeli et al. (2012), Rocha et al. (2016)",,1,1Tibouchina_fothergillae,x,Tibouchina_fothergillae,Tibouchina fothergillae (DC.) Cogn.,(not in BAMM),(not in BAMM),,JQ730391.1,JQ730182.1,JQ730602.1,,,,,"Michelangeli et al. (2012), Rocha et al. (2016)",,1,1Tibouchina_foveolata,x,Tibouchina_foveolata,Tibouchina faveolata Cogn.,(not in BAMM),(not in BAMM),,JQ730392.1,JQ730183.1,JQ730603.1,,,,,"Michelangeli et al. (2012), Rocha et al. (2016)",,0,1Tibouchina_fraterna,x,Tibouchina_fraterna,Tibouchina fraterna N.E. Br.,(not in BAMM),(not in BAMM),,JQ730393.1,JQ730184.1,JQ730604.1,,,,,"Michelangeli et al. (2012), Rocha et al. (2016)",,0,1Tibouchina_frigidula,x,Tibouchina_frigidula,Tibouchina frigidula (DC.) Cogn.,(not in BAMM),(not in BAMM),,JQ730394.1,JQ730185.1,JQ730605.1,,,,,"Michelangeli et al. (2012), Rocha et al. (2016)",,1,1Tibouchina_gardneriana,x,Tibouchina_gardneriana,Tibouchina gardneriana Cogn.,(not in BAMM),(not in BAMM),,JQ730395.1,JQ730186.1,JQ730606.1,,,,,"Michelangeli et al. (2012), Rocha et al. (2016)",,1,1Tibouchina_gayana,x,Tibouchina_gayana,Tibouchina gayana (Naudin) Cogn.,(not in BAMM),(not in BAMM),,JQ730396.1,JQ730187.1,JQ730607.1,,,,,"Michelangeli et al. (2012), Rocha et al. (2016)",,0,1Tibouchina_geitneriana,x,Tibouchina_geitneriana,Tibouchina geitneriana (Schltdl.) Cogn.,(not in BAMM),(not in BAMM),,JQ730397.1,JQ730188.1,JQ730608.1,,,,,"Michelangeli et al. (2012), Rocha et al. (2016)",,0,1Tibouchina_gleasoniana,x,Tibouchina_gleasoniana,Tibouchina gleasoniana Wurdack,(not in BAMM),(not in BAMM),,,JQ730189.1,JQ730609.1,,,,,"Michelangeli et al. (2012), Rocha et al. (2016)",,0,1Tibouchina_gracilis,x,Tibouchina_gracilis,Tibouchina gracilis (Bonpl.) Cogn.,(not in BAMM),(not in BAMM),,JQ730398.1,JQ730190.1,JQ730610.1,,,,,"Michelangeli et al. (2012), Rocha et al. (2016)",,1,1Tibouchina_granulosa,x,Tibouchina_granulosa,Tibouchina granulosa (Desr.) Cogn.,(not in BAMM),(not in BAMM),,JQ730399.1,JQ730191.1,JQ730611.1,,,,,"Michelangeli et al. (2012), Rocha et al. (2016)",,1,1Tibouchina_grossa,x,Tibouchina_grossa,Tibouchina grossa (L. f.) Cogn.,(not in BAMM),(not in BAMM),,JQ730400.1,JQ730192.1,JQ730612.1,,,,,"Michelangeli et al. (2012), Rocha et al. (2016)",,0,1Tibouchina_heteromalla,x,Tibouchina_heteromalla,Tibouchina heteromalla (D. Don) Cogn.,(not in BAMM),(not in BAMM),,JQ730401.1,JQ730193.1,JQ730613.1,,KF462936.1,KU500975.1,,"Michelangeli et al. (2012), Rocha et al. (2016)",,1,1Tibouchina_hieracioides,x,Tibouchina_hieracioides,Tibouchina hieracioides Cogn.,(not in BAMM),(not in BAMM),,JQ730402.1,JQ730194.1,JQ730614.1,,,,,"Michelangeli et al. (2012), Rocha et al. (2016)",,1,1Tibouchina_hospita,x,Tibouchina_hospita,Tibouchina hospita Cogn.,(not in BAMM),(not in BAMM),,JQ730403.1,JQ730195.1,JQ730615.1,,,,,"Michelangeli et al. (2012), Rocha et al. (2016)",,0,1Tibouchina_inopinata,x,Tibouchina_inopinata,Tibouchina inopinata Wurdack,(not in BAMM),(not in BAMM),,JQ730404.1,JQ730196.1,JQ730616.1,,,,,"Michelangeli et al. (2012), Rocha et al. (2016)",,0,1Tibouchina_itatiaeae,x,Tibouchina_itatiaeae,Tibouchina itatiaeae Cogn.,(not in BAMM),(not in BAMM),,JQ730405.1,JQ730197.1,JQ730617.1,,,,,"Michelangeli et al. (2012), Rocha et al. (2016)",,0,1Tibouchina_kleinii,x,Tibouchina_kleinii,Tibouchina kleinii Wurdack,(not in BAMM),(not in BAMM),,JQ730406.1,JQ730198.1,JQ730618.1,,,,,"Michelangeli et al. (2012), Rocha et al. (2016)",,0,1Tibouchina_laevicaulis,x,Tibouchina_laevicaulis,Tibouchina laevicaulis Wurdack,(not in BAMM),(not in BAMM),,JQ730407.1,JQ730199.1,JQ730619.1,,,,,"Michelangeli et al. (2012), Rocha et al. (2016)",,1,0Tibouchina_laxa,x,Tibouchina_laxa,Tibouchina laxa (Desr.) Cogn.,(not in BAMM),(not in BAMM),,JQ730408.1,JQ730200.1,JQ730620.1,,,,,"Michelangeli et al. (2012), Rocha et al. (2016)",,0,1Tibouchina_lepidota,x,Tibouchina_lepidota,Tibouchina lepidota (Bonpl.) Baill.,(not in BAMM),(not in BAMM),,JQ730409.1,JQ730201.1,JQ730621.1,,,,,"Michelangeli et al. (2012), Rocha et al. (2016)",,0,1Tibouchina_lindeniana,x,Tibouchina_lindeniana,Tibouchina lindeniana Cogn.,(not in BAMM),(not in BAMM),,JQ730410.1,JQ730202.1,JQ730622.1,,,,,"Michelangeli et al. (2012), Rocha et al. (2016)",,0,1Tibouchina_llanorum,x,Tibouchina_llanorum,Tibouchina llanorum Wurdack,(not in BAMM),(not in BAMM),,JQ730411.1,JQ730203.1,JQ730623.1,,,,,"Michelangeli et al. (2012), Rocha et al. (2016)",,0,1Tibouchina_longifolia,x,Tibouchina_longifolia,Tibouchina longifolia (Vahl) Baill.,(not in BAMM),(not in BAMM),,JQ730412.1,JQ730204.1,JQ730624.1,,,,,"Michelangeli et al. (2012), Rocha et al. (2016)",,0,1Tibouchina_macrochiton,x,Tibouchina_macrochiton,Tibouchina macrochiton Cogn.,(not in BAMM),(not in BAMM),,JQ730413.1,JQ730205.1,JQ730625.1,,,,,"Michelangeli et al. (2012), Rocha et al. (2016)",,0,1Tibouchina_manicata,x,Tibouchina_manicata,Tibouchina manicata Cogn.,(not in BAMM),(not in BAMM),,JQ730414.1,JQ730206.1,JQ730626.1,,,,,"Michelangeli et al. (2012), Rocha et al. (2016)",,1,1Tibouchina_martialis,x,Tibouchina_martialis,Tibouchina martialis (Cham.) Cogn.,(not in BAMM),(not in BAMM),,JQ730415.1,JQ730207.1,JQ730627.1,,,,,"Michelangeli et al. (2012), Rocha et al. (2016)",,1,1Tibouchina_martiusiana,x,Tibouchina_martiusiana,Tibouchina martiusiana (DC.) Cogn.,(not in BAMM),(not in BAMM),,JQ730416.1,JQ730208.1,JQ730628.1,,,,,"Michelangeli et al. (2012), Rocha et al. (2016)",,1,1Tibouchina_melanocalyx,x,Tibouchina_melanocalyx,"Tibouchina melanocalyx R. Romero, P.J.F. Guim. & Leoni",(not in BAMM),(not in BAMM),,JQ730417.1,JQ730209.1,JQ730629.1,,,,,"Michelangeli et al. (2012), Rocha et al. (2016)",,1,1Tibouchina_microphylla,x,Tibouchina_microphylla,Tibouchina microphylla Cogn.,(not in BAMM),(not in BAMM),,JQ730418.1,JQ730210.1,JQ730630.1,,,,,"Michelangeli et al. (2012), Rocha et al. (2016)",,1,0Tibouchina_minor,x,Tibouchina_minor,Tibouchina minor Cogn.,(not in BAMM),(not in BAMM),,JQ730419.1,JQ730211.1,JQ730631.1,,,,,"Michelangeli et al. (2012), Rocha et al. (2016)",,0,1Tibouchina_mollis,x,Tibouchina_mollis,Tibouchina mollis (Bonpl.) Cogn.,(not in BAMM),(not in BAMM),,JQ730420.1,JQ730212.1,JQ730632.1,,,,,"Michelangeli et al. (2012), Rocha et al. (2016)",,0,1Tibouchina_mutabilis,x,Tibouchina_mutabilis,Tibouchina mutabilis (Vell.) Cogn.,(not in BAMM),(not in BAMM),,JQ730421.1,JQ730213.1,JQ730633.1,,,,,"Michelangeli et al. (2012), Rocha et al. (2016)",,0,1Tibouchina_naudiniana,x,Tibouchina_naudiniana,Tibouchina naudiniana (Decne.) Cogn.,(not in BAMM),(not in BAMM),,JQ730422.1,JQ730214.1,JQ730634.1,,,,,"Michelangeli et al. (2012), Rocha et al. (2016)",,0,1Tibouchina_nodosa,x,Tibouchina_nodosa,Tibouchina nodosa Cogn.,(not in BAMM),(not in BAMM),,JQ730423.1,JQ730215.1,JQ730635.1,,,,,"Michelangeli et al. (2012), Rocha et al. (2016)",,1,0Tibouchina_octopetala,x,Tibouchina_octopetala,Tibouchina octopetala Cogn.,(not in BAMM),(not in BAMM),,JQ730424.1,JQ730216.1,JQ730636.1,,,,,"Michelangeli et al. (2012), Rocha et al. (2016)",,0,1Tibouchina_oreophila,x,Tibouchina_oreophila,Tibouchina oreophila Wurdack,(not in BAMM),(not in BAMM),,JQ730425.1,JQ730217.1,JQ730637.1,,,,,"Michelangeli et al. (2012), Rocha et al. (2016)",,1,0Tibouchina_ornata,x,Tibouchina_ornata,Tibouchina ornata (Sw.) Baill.,(not in BAMM),(not in BAMM),,JQ730426.1,JQ730218.1,JQ730638.1,,,,,"Michelangeli et al. (2012), Rocha et al. (2016)",,0,1Tibouchina_papyrus,x,Tibouchina_papyrus,Tibouchina papyrus (Pohl) Toledo,(not in BAMM),(not in BAMM),,JQ730427.1,JQ730219.1,JQ730639.1,,,,,"Michelangeli et al. (2012), Rocha et al. (2016)",,1,1Tibouchina_pendula,x,Tibouchina_pendula,Tibouchina pendula Cogn.,(not in BAMM),(not in BAMM),,JQ730428.1,JQ730220.1,JQ730640.1,,,,,"Michelangeli et al. (2012), Rocha et al. (2016)",,0,1Tibouchina_pereirae,x,Tibouchina_pereirae,Tibouchina pereirae Brade & Markgr.,(not in BAMM),(not in BAMM),,JQ730429.1,JQ730221.1,JQ730641.1,,,,,"Michelangeli et al. (2012), Rocha et al. (2016)",,1,0Tibouchina_pulchra,x,Tibouchina_pulchra,Tibouchina pulchra (Cham.) Cogn.,(not in BAMM),(not in BAMM),,JQ730430.1,JQ730222.1,JQ730642.1,,,,,"Michelangeli et al. (2012), Rocha et al. (2016)",,0,1Tibouchina_radula,x,Tibouchina_radula,Tibouchina radula Markgr.,(not in BAMM),(not in BAMM),,JQ730431.1,JQ730223.1,JQ730643.1,,,,,"Michelangeli et al. (2012), Rocha et al. (2016)",,0,1Tibouchina_ramboi,x,Tibouchina_ramboi,Tibouchina ramboi Brade,(not in BAMM),(not in BAMM),,JQ730432.1,JQ730224.1,JQ730644.1,,,,,"Michelangeli et al. (2012), Rocha et al. (2016)",,0,1Tibouchina_salviifolia,x,Tibouchina_salviifolia,Tibouchina salviifolia Cogn.,(not in BAMM),(not in BAMM),,JQ730433.1,JQ730225.1,JQ730645.1,,,,,"Michelangeli et al. (2012), Rocha et al. (2016)",,0,1Tibouchina_sebastianopolitana,x,Tibouchina_sebastianopolitana,Tibouchina sebastianopolitana Cogn.,(not in BAMM),(not in BAMM),,JQ730434.1,JQ730226.1,JQ730646.1,,,,,"Michelangeli et al. (2012), Rocha et al. (2016)",,1,1Tibouchina_sellowiana,x,Tibouchina_sellowiana,Tibouchina sellowiana Cogn.,(not in BAMM),(not in BAMM),,JQ730435.1,JQ730227.1,JQ730647.1,,,,,"Michelangeli et al. (2012), Rocha et al. (2016)",,0,1Tibouchina_semidecandra,x,Tibouchina_semidecandra,Tibouchina semidecandra (Mart. & Schrank ex DC.) Cogn.,(not in BAMM),(not in BAMM),,JQ730436.1,JQ730228.1,JQ730648.1,,,,,"Michelangeli et al. (2012), Rocha et al. (2016)",,1,1Tibouchina_sp_Goldenberg1143,x,Tibouchina_sp1,NA,(not in BAMM),(not in BAMM),,JQ730439.1,JQ730231.1,JQ730651.1,,,,,"Michelangeli et al. (2012), Rocha et al. (2016)",,0,1Tibouchina_sp_Goldenberg1150,x,Tibouchina_sp4,NA,(not in BAMM),(not in BAMM),,JQ730438.1,JQ730230.1,JQ730650.1,,,,,"Michelangeli et al. (2012), Rocha et al. (2016)",,0,1Tibouchina_sp_Guimaraes377,x,Tibouchina_sp2,NA,(not in BAMM),(not in BAMM),,JQ730440.1,JQ730232.1,JQ730652.1,,,,,"Michelangeli et al. (2012), Rocha et al. (2016)",,0,1Tibouchina_sp_Nee55287,x,Tibouchina_sp3,NA,(not in BAMM),(not in BAMM),,JQ730437.1,JQ730229.1,JQ730649.1,,,,,"Michelangeli et al. (2012), Rocha et al. (2016)",,0,1Tibouchina_stenocarpa,x,Tibouchina_stenocarpa,Tibouchina stenocarpa (DC.) Cogn.,(not in BAMM),(not in BAMM),,JQ730441.1,JQ730233.1,JQ730653.1,,,,,"Michelangeli et al. (2012), Rocha et al. (2016)",,1,1Tibouchina_striphnocalyx,x,Tibouchina_striphnocalyx,Tibouchina striphnocalyx (DC.) Gleason,(not in BAMM),(not in BAMM),,JQ730442.1,JQ730234.1,JQ730654.1,,,,,"Michelangeli et al. (2012), Rocha et al. (2016)",,0,1Tibouchina_trichopoda,x,Tibouchina_trichopoda,Tibouchina trichopoda Baill.,(not in BAMM),(not in BAMM),,JQ730443.1,JQ730235.1,JQ730655.1,,,,,"Michelangeli et al. (2012), Rocha et al. (2016)",,0,1Tibouchina_trinervia,x,Tibouchina_trinervia,Tibouchina trinervia Cogn.,(not in BAMM),(not in BAMM),,JQ730444.1,,JQ730656.1,,,,,"Michelangeli et al. (2012), Rocha et al. (2016)",,1,0Tibouchina_urceolaris,x,Tibouchina_urceolaris,Tibouchina urceolaris Cogn.,(not in BAMM),(not in BAMM),,JQ730445.1,JQ730236.1,JQ730657.1,,,,,"Michelangeli et al. (2012), Rocha et al. (2016)",,0,1Tibouchina_ursina,x,Tibouchina_ursina,Tibouchina ursina (Cham.) Cogn.,(not in BAMM),(not in BAMM),,JQ730446.1,JQ730237.1,JQ730658.1,,,,,"Michelangeli et al. (2012), Rocha et al. (2016)",,0,1Tibouchina_valtherii,x,Tibouchina_valtherii,Tibouchina valtherii Cogn.,(not in BAMM),(not in BAMM),,JQ730447.1,JQ730238.1,JQ730659.1,,,,,"Michelangeli et al. (2012), Rocha et al. (2016)",,1,0Tibouchina_velutina,x,Tibouchina_velutina,Tibouchina velutina Cogn.,(not in BAMM),(not in BAMM),,JQ730448.1,JQ730239.1,JQ730660.1,,,,,"Michelangeli et al. (2012), Rocha et al. (2016)",,1,1Tibouchina_wurdackii,x,Tibouchina_wurdackii,Tibouchina wurdackii Almeda & Todzia,(not in BAMM),(not in BAMM),,JQ730449.1,JQ730240.1,JQ730661.1,,,,,"Michelangeli et al. (2012), Rocha et al. (2016)",,0,1Tibouchinopsis_mirabilis,x,Tibouchinopsis_mirabilis,Tibouchinopsis mirabilis Brade & Markgr.,(not in BAMM),(not in BAMM),,JQ730450.1,JQ730241.1,JQ730662.1,,,,,"Michelangeli et al. (2012), Rocha et al. (2016)",,1,0Trembleya_laniflora,x,x,Trembleya laniflora (D. Don) Cogn.,(not in BAMM),(not in BAMM),,,AY553744.1,,,,,,"Michelangeli et al. (2012), Rocha et al. (2016)",,(outgroup),(outgroup)Trembleya_parviflora,x,x,Trembleya parviflora (D. Don) Cogn.,(not in BAMM),(not in BAMM),,JQ730451.1,JQ730242.1,JQ730663.1,,KF462987.1,KU500979.1,,"Michelangeli et al. (2012), Rocha et al. (2016)",,(outgroup),(outgroup)Trembleya_pentagona,x,x,Trembleya pentagona Naudin,(not in BAMM),(not in BAMM),,,AY553745.1,,,,,,"Michelangeli et al. (2012), Rocha et al. (2016)",,(outgroup),(outgroup)Tristemma_coronatum,x,x,Tristemma coronatum Benth.,(not in BAMM),(not in BAMM),,JQ730452.1,JQ730243.1,JQ730664.1,,,,,"Michelangeli et al. (2012), Rocha et al. (2016)",,(outgroup),(outgroup)Tristemma_hirtum,x,x,Tristemma hirtum P. Beauv.,(not in BAMM),(not in BAMM),,JQ730453.1,JQ730244.1,JQ730665.1,,,,,"Michelangeli et al. (2012), Rocha et al. (2016)",,(outgroup),(outgroup)Tristemma_littorale,x,x,Tristemma littorale Benth.,(not in BAMM),(not in BAMM),,JQ730454.1,JQ730245.1,JQ730666.1,,,,,"Michelangeli et al. (2012), Rocha et al. (2016)",,(outgroup),(outgroup)Tristemma_mauritianum,x,x,Tristemma mauritianum J.F. Gmel.,(not in BAMM),(not in BAMM),,JQ730455.1,JQ730246.1,JQ730667.1,,,,,"Michelangeli et al. (2012), Rocha et al. (2016)",,(outgroup),(outgroup)